x1,x2,y_true,y_pred,p0,p1,p2
-1.000000,-1.200000,0,0,0.995958,0.004038,0.000004
-0.800000,-0.900000,0,0,0.981837,0.018130,0.000034
-1.200000,-1.100000,0,0,0.993577,0.006421,0.000002
0.000000,1.000000,1,1,0.003863,0.984676,0.011460
0.200000,0.800000,1,1,0.009749,0.949939,0.040312
-0.100000,1.100000,1,1,0.002405,0.991551,0.006044
2.000000,2.100000,2,2,0.000000,0.009450,0.990550
1.800000,1.900000,2,2,0.000001,0.020776,0.979223
2.200000,2.000000,2,2,0.000000,0.002952,0.997048
