x1,x2,y_true,y_pred,p0,p1,p2
-1.000000,-0.800000,-1,0,0.971396,0.028587,0.000016
0.100000,1.200000,-1,1,0.001411,0.983502,0.015086
2.100000,2.000000,-1,2,0.000000,0.004971,0.995029
